Users_clean,Views_clean,Users_original,Views_original
1,11799,1,310961
1,6223,1,42746
1,5722,1,31168
1,5003,1,28298
1,3445,1,18331
1,2772,1,16756
1,2678,1,15484
1,2635,1,15390
1,2311,1,14029
1,2294,1,13847
1,2171,1,13606
1,2008,1,13227
1,1937,1,12905
1,1904,1,11585
1,1766,1,10672
1,1687,1,9956
1,1529,1,8789
1,1504,1,8536
1,1498,1,8491
1,1490,1,8108
1,1487,1,7984
1,1464,1,7843
1,1454,1,7490
1,1440,1,7392
1,1436,1,7331
1,1406,1,7300
1,1399,1,6881
1,1369,1,6515
1,1306,1,6414
1,1260,1,6328
1,1192,1,6228
1,1181,1,6130
1,1102,1,6046
1,1101,1,5846
1,1098,1,5810
1,1097,1,5730
1,1079,1,5649
1,1078,1,5588
1,1064,1,5447
1,1061,1,5412
1,1045,1,5347
1,1028,1,5258
1,1024,1,5209
1,1017,1,5144
1,979,1,5112
1,971,1,5063
1,967,1,5027
1,964,1,4989
1,957,1,4969
1,954,1,4927
1,941,1,4873
1,934,1,4845
1,920,1,4837
1,902,1,4772
2,895,1,4765
1,894,1,4648
1,893,1,4621
1,888,1,4508
1,883,1,4466
2,880,1,4432
1,863,1,4375
1,854,1,4325
1,850,1,4214
2,847,1,4198
1,843,1,4133
1,841,1,4129
1,839,1,4114
1,836,1,4101
1,832,1,4077
1,826,1,4034
1,821,1,3990
1,820,1,3973
2,816,1,3956
1,808,1,3905
2,798,1,3867
1,797,1,3798
1,796,1,3789
2,795,1,3781
1,792,1,3776
1,787,1,3768
2,783,1,3748
1,780,1,3735
2,773,1,3700
1,769,1,3698
1,761,1,3691
1,755,1,3667
1,753,1,3612
1,752,1,3587
1,750,1,3565
1,742,1,3562
1,741,1,3517
1,740,1,3486
1,738,2,3481
2,735,1,3472
2,734,1,3447
2,730,1,3421
1,728,1,3405
2,725,1,3395
1,724,1,3393
1,723,1,3387
1,722,1,3382
1,718,1,3356
1,713,1,3355
1,711,1,3331
2,710,1,3299
1,709,1,3277
1,708,1,3254
2,706,1,3238
1,705,1,3207
1,702,1,3199
1,697,1,3189
2,692,1,3184
3,691,1,3177
1,690,1,3172
1,688,1,3156
1,687,1,3139
1,684,1,3123
1,680,1,3110
2,678,1,3109
1,676,1,3099
1,674,1,3094
2,669,1,3045
1,668,1,3030
1,666,1,3003
2,665,1,3000
1,664,1,2989
1,663,1,2985
1,661,1,2980
1,659,2,2979
1,658,1,2977
1,656,1,2968
1,655,1,2964
2,654,1,2962
1,653,1,2941
2,651,2,2927
2,647,1,2912
1,646,1,2897
1,643,1,2893
2,642,1,2890
2,641,1,2888
1,639,1,2881
1,638,1,2878
1,637,1,2876
2,635,1,2871
2,634,1,2855
1,632,1,2853
1,631,1,2847
1,630,1,2836
1,629,1,2824
1,628,1,2784
1,627,1,2775
2,623,1,2751
1,622,1,2747
1,620,1,2737
1,618,1,2701
2,617,1,2698
1,616,1,2697
3,612,1,2693
1,610,1,2674
1,609,2,2654
2,606,1,2653
2,605,1,2647
1,604,1,2639
1,603,1,2636
2,602,1,2630
2,601,1,2609
1,599,1,2603
1,598,1,2598
2,592,1,2592
5,591,1,2588
1,590,1,2586
1,589,1,2576
1,588,1,2565
2,587,1,2561
1,586,1,2535
5,584,1,2534
1,583,1,2533
1,582,1,2527
1,581,1,2516
1,580,1,2514
2,579,1,2502
2,577,1,2499
2,574,1,2498
4,573,1,2497
1,572,1,2486
1,571,1,2482
1,569,1,2472
1,568,2,2471
1,566,1,2465
1,564,1,2464
2,563,1,2456
3,562,1,2455
1,561,1,2449
1,559,1,2444
2,557,1,2441
1,556,1,2434
1,555,1,2429
4,553,1,2425
2,552,1,2423
2,549,2,2419
2,548,1,2418
1,547,1,2412
1,546,1,2390
3,544,1,2389
1,543,1,2375
1,541,1,2374
1,540,1,2369
3,539,1,2367
1,538,1,2364
1,537,1,2360
2,536,1,2356
1,535,1,2341
3,534,1,2338
1,533,1,2335
1,532,2,2329
1,531,1,2325
1,530,1,2320
2,527,1,2318
1,525,1,2313
1,524,1,2309
3,523,1,2308
2,521,1,2304
2,519,1,2302
2,518,1,2299
2,517,2,2298
2,516,1,2295
1,515,1,2292
1,514,1,2288
1,513,1,2287
3,511,1,2286
2,510,1,2284
1,509,1,2280
1,508,1,2278
1,507,3,2272
1,506,1,2267
2,505,1,2263
2,503,1,2262
3,502,1,2260
3,501,1,2259
2,500,1,2258
1,499,2,2257
2,498,1,2248
1,497,1,2244
4,496,2,2224
1,495,1,2217
2,493,1,2214
1,492,1,2213
2,491,2,2211
1,490,1,2209
4,489,1,2208
2,488,1,2201
1,487,1,2198
2,486,1,2195
1,485,1,2189
3,484,1,2176
4,483,1,2175
4,482,1,2174
1,481,1,2173
2,480,1,2172
3,479,1,2168
3,477,1,2162
1,476,1,2157
1,475,1,2156
3,474,1,2155
1,473,1,2149
1,472,1,2148
6,469,2,2146
1,468,1,2143
2,467,1,2142
2,465,1,2135
2,464,1,2131
3,463,1,2128
4,461,1,2127
6,460,1,2124
1,459,1,2122
6,458,1,2119
1,457,1,2118
1,456,1,2117
2,454,2,2115
3,453,1,2103
2,452,2,2099
4,451,2,2090
3,450,1,2087
1,449,1,2077
4,448,1,2075
4,447,1,2073
7,446,1,2068
3,445,1,2067
3,444,2,2065
2,443,1,2064
4,441,1,2063
5,440,1,2061
2,439,1,2060
3,438,1,2058
5,437,1,2052
6,436,1,2049
3,435,1,2044
4,434,2,2043
3,433,1,2038
2,432,1,2035
3,431,1,2032
5,430,1,2027
6,429,2,2026
5,428,1,2025
3,427,3,2024
3,426,1,2019
6,425,1,2017
2,424,1,2013
3,423,1,2011
2,422,1,2010
7,421,1,2004
3,420,1,2003
4,419,1,2002
2,418,1,2000
6,417,1,1993
4,416,1,1992
3,415,2,1991
2,414,1,1988
2,413,2,1987
6,412,1,1985
2,411,2,1982
6,410,1,1981
6,409,1,1980
6,408,1,1979
10,407,1,1977
3,406,1,1974
2,405,1,1970
8,404,3,1969
9,403,1,1965
3,402,1,1964
5,401,1,1961
7,400,2,1960
6,399,1,1959
3,398,1,1957
7,397,1,1956
4,396,1,1952
3,395,3,1951
4,394,2,1950
5,393,1,1947
4,392,1,1944
5,391,1,1941
4,390,1,1940
5,389,1,1936
4,388,1,1935
2,387,1,1933
4,386,1,1930
8,385,1,1925
5,384,1,1924
6,383,2,1922
8,382,1,1921
6,381,1,1920
9,380,2,1919
4,379,1,1918
8,378,1,1917
6,377,1,1916
8,376,1,1913
6,375,2,1911
3,374,1,1908
8,373,1,1899
6,372,1,1898
5,371,1,1897
4,370,1,1896
10,369,1,1893
4,368,1,1892
9,367,1,1891
3,366,1,1890
5,365,1,1887
6,364,1,1886
6,363,1,1885
7,362,1,1880
7,361,2,1878
6,360,1,1877
10,359,1,1873
9,358,2,1869
8,357,1,1868
2,356,1,1867
3,355,2,1861
7,354,1,1859
3,353,1,1856
7,352,2,1852
9,351,1,1848
4,350,1,1847
5,349,2,1846
3,348,1,1842
6,347,1,1840
8,346,2,1838
3,345,1,1828
5,344,1,1826
2,343,1,1825
8,342,1,1822
3,341,1,1821
8,340,1,1820
9,339,1,1817
9,338,1,1816
10,337,1,1814
7,336,1,1812
3,335,1,1808
10,334,2,1806
8,333,1,1801
6,332,1,1800
11,331,1,1799
10,330,1,1796
7,329,1,1795
6,328,3,1793
10,327,1,1792
9,326,1,1790
8,325,2,1787
9,324,1,1785
8,323,1,1784
14,322,1,1783
11,321,1,1781
8,320,1,1780
9,319,1,1779
10,318,1,1777
11,317,1,1776
11,316,2,1775
9,315,3,1765
8,314,1,1764
19,313,2,1763
13,312,1,1760
9,311,1,1759
14,310,1,1756
13,309,1,1755
11,308,1,1754
15,307,2,1752
18,306,1,1750
13,305,1,1749
12,304,2,1748
14,303,2,1747
11,302,1,1745
15,301,1,1744
19,300,1,1743
5,299,2,1735
9,298,1,1732
11,297,2,1731
8,296,2,1729
15,295,3,1727
13,294,2,1726
11,293,1,1723
14,292,1,1722
15,291,1,1721
13,290,2,1720
21,289,1,1719
16,288,1,1718
17,287,1,1717
16,286,1,1715
23,285,1,1713
16,284,1,1706
13,283,2,1705
13,282,2,1704
12,281,1,1702
21,280,2,1699
20,279,1,1698
21,278,2,1697
8,277,1,1695
20,276,1,1694
15,275,1,1692
15,274,1,1689
11,273,1,1688
17,272,1,1687
11,271,3,1685
20,270,1,1683
12,269,1,1681
23,268,2,1679
23,267,2,1676
16,266,1,1675
16,265,1,1672
16,264,1,1671
23,263,1,1670
16,262,1,1668
20,261,2,1664
24,260,1,1663
21,259,1,1661
17,258,2,1660
18,257,2,1657
22,256,1,1656
19,255,1,1652
26,254,1,1651
15,253,5,1649
18,252,1,1647
17,251,2,1644
31,250,2,1641
19,249,2,1640
20,248,3,1639
24,247,1,1637
26,246,2,1633
20,245,3,1628
26,244,3,1627
15,243,1,1626
22,242,1,1625
20,241,2,1621
26,240,1,1618
30,239,3,1614
20,238,1,1610
25,237,1,1609
31,236,1,1607
24,235,1,1606
20,234,1,1603
34,233,1,1602
26,232,2,1600
23,231,1,1599
27,230,2,1598
28,229,2,1595
26,228,1,1594
29,227,1,1593
20,226,2,1592
31,225,4,1591
39,224,1,1590
36,223,1,1589
30,222,2,1584
32,221,1,1583
36,220,1,1582
25,219,3,1581
29,218,1,1579
41,217,2,1578
31,216,1,1576
37,215,2,1575
31,214,1,1574
35,213,1,1573
28,212,1,1571
38,211,1,1566
41,210,2,1565
35,209,4,1564
25,208,1,1563
28,207,1,1562
37,206,1,1561
35,205,1,1560
44,204,3,1559
24,203,1,1558
34,202,1,1557
32,201,1,1555
41,200,1,1554
41,199,1,1553
26,198,1,1552
49,197,1,1550
43,196,2,1549
37,195,3,1548
38,194,1,1547
38,193,1,1544
41,192,1,1542
42,191,1,1541
45,190,1,1539
54,189,3,1538
48,188,2,1537
45,187,1,1536
49,186,2,1534
60,185,1,1533
55,184,3,1530
45,183,1,1529
45,182,1,1526
42,181,2,1525
65,180,3,1524
63,179,1,1523
55,178,2,1521
64,177,1,1520
54,176,1,1519
60,175,2,1518
65,174,3,1517
67,173,2,1516
61,172,2,1515
60,171,1,1514
72,170,3,1512
59,169,1,1509
63,168,3,1508
60,167,1,1507
65,166,2,1505
66,165,1,1503
64,164,2,1502
59,163,1,1501
53,162,1,1497
76,161,1,1496
72,160,4,1493
67,159,2,1492
86,158,1,1489
80,157,1,1488
104,156,1,1485
76,155,3,1483
71,154,1,1482
88,153,1,1481
73,152,1,1480
87,151,1,1479
87,150,1,1478
76,149,2,1475
96,148,2,1472
73,147,1,1471
81,146,1,1470
89,145,1,1469
90,144,4,1468
88,143,1,1467
102,142,1,1466
102,141,1,1465
114,140,1,1464
123,139,1,1462
101,138,2,1461
84,137,1,1460
103,136,3,1457
91,135,1,1456
104,134,1,1452
118,133,2,1451
119,132,3,1450
120,131,1,1449
115,130,1,1447
119,129,1,1446
104,128,1,1445
137,127,1,1443
143,126,2,1442
156,125,1,1441
137,124,2,1440
128,123,1,1439
134,122,3,1438
143,121,3,1437
143,120,2,1435
173,119,2,1434
134,118,2,1433
155,117,1,1431
163,116,2,1429
169,115,2,1428
166,114,2,1427
178,113,2,1426
171,112,3,1424
156,111,4,1423
181,110,2,1422
193,109,1,1420
190,108,4,1419
202,107,1,1417
170,106,1,1416
185,105,1,1413
207,104,1,1412
214,103,1,1409
216,102,5,1408
210,101,2,1406
236,100,2,1405
218,99,4,1404
214,98,2,1403
254,97,2,1401
229,96,4,1399
221,95,4,1398
234,94,1,1397
250,93,2,1396
263,92,5,1395
282,91,1,1393
268,90,2,1392
319,89,3,1391
328,88,1,1390
300,87,1,1389
318,86,1,1388
335,85,4,1387
336,84,1,1386
335,83,2,1384
327,82,2,1383
347,81,1,1382
410,80,1,1380
378,79,1,1376
399,78,1,1375
397,77,3,1373
392,76,1,1370
411,75,2,1369
398,74,2,1368
429,73,2,1367
426,72,4,1366
473,71,1,1365
497,70,4,1364
490,69,1,1363
528,68,1,1362
524,67,3,1361
550,66,1,1360
540,65,3,1357
564,64,2,1356
561,63,2,1355
619,62,1,1354
640,61,4,1353
677,60,5,1352
699,59,2,1351
698,58,5,1350
767,57,2,1349
746,56,1,1348
746,55,1,1347
807,54,1,1346
857,53,3,1345
890,52,4,1343
876,51,4,1341
855,50,4,1340
1022,49,1,1339
1027,48,3,1338
1006,47,1,1337
1152,46,1,1336
1179,45,1,1335
1242,44,5,1334
1270,43,1,1333
1310,42,3,1332
1442,41,2,1331
1420,40,1,1330
1437,39,1,1329
1597,38,2,1328
1618,37,3,1325
1737,36,1,1323
1877,35,3,1322
1948,34,1,1321
2087,33,2,1320
2157,32,2,1319
2259,31,3,1318
2443,30,1,1317
2482,29,2,1316
2726,28,1,1315
2869,27,1,1314
3101,26,2,1309
3359,25,5,1308
3670,24,1,1307
3919,23,2,1306
4310,22,1,1302
4603,21,3,1301
5043,20,3,1300
5405,19,2,1299
5837,18,3,1296
6372,17,2,1294
7104,16,2,1293
7729,15,4,1292
8601,14,1,1291
9823,13,2,1290
10937,12,1,1289
12314,11,1,1288
14142,10,3,1287
16112,9,1,1286
18864,8,4,1285
21639,7,1,1284
26303,6,2,1283
31942,5,2,1282
40930,4,1,1281
55730,3,4,1280
87335,2,2,1279
167838,1,1,1278
,,2,1277
,,3,1276
,,2,1275
,,2,1273
,,1,1272
,,3,1271
,,2,1268
,,3,1267
,,2,1266
,,3,1265
,,5,1264
,,1,1262
,,3,1261
,,2,1260
,,1,1259
,,2,1258
,,1,1257
,,1,1256
,,3,1254
,,6,1253
,,2,1252
,,4,1251
,,4,1250
,,2,1249
,,2,1248
,,4,1247
,,3,1246
,,2,1245
,,1,1244
,,1,1243
,,1,1242
,,4,1241
,,2,1239
,,3,1238
,,1,1237
,,1,1236
,,2,1235
,,4,1233
,,4,1232
,,2,1231
,,1,1230
,,1,1229
,,4,1228
,,2,1227
,,1,1226
,,3,1225
,,3,1224
,,4,1223
,,2,1222
,,2,1221
,,1,1220
,,2,1219
,,2,1218
,,8,1217
,,5,1216
,,3,1215
,,1,1214
,,3,1213
,,3,1212
,,3,1211
,,2,1210
,,3,1209
,,2,1208
,,5,1207
,,3,1206
,,1,1205
,,1,1204
,,2,1203
,,4,1201
,,1,1200
,,5,1199
,,4,1198
,,4,1197
,,1,1196
,,4,1195
,,2,1194
,,4,1193
,,1,1192
,,2,1191
,,2,1190
,,1,1189
,,2,1188
,,2,1187
,,4,1186
,,2,1185
,,5,1183
,,3,1182
,,3,1181
,,3,1180
,,3,1179
,,2,1178
,,2,1177
,,2,1176
,,2,1175
,,2,1174
,,3,1172
,,2,1171
,,2,1170
,,2,1169
,,3,1168
,,3,1167
,,1,1166
,,2,1165
,,3,1164
,,2,1163
,,1,1162
,,2,1161
,,2,1160
,,4,1159
,,1,1158
,,1,1157
,,2,1156
,,4,1155
,,3,1154
,,4,1152
,,3,1151
,,5,1150
,,4,1149
,,3,1148
,,1,1147
,,5,1146
,,2,1145
,,1,1143
,,3,1142
,,4,1139
,,2,1138
,,1,1137
,,3,1136
,,1,1135
,,5,1133
,,1,1132
,,2,1131
,,3,1130
,,1,1128
,,5,1127
,,5,1126
,,2,1125
,,1,1124
,,4,1123
,,4,1122
,,2,1121
,,4,1120
,,1,1119
,,1,1118
,,7,1117
,,2,1116
,,2,1115
,,5,1114
,,2,1113
,,3,1112
,,3,1111
,,2,1110
,,3,1109
,,6,1108
,,5,1107
,,1,1106
,,3,1105
,,4,1104
,,2,1103
,,6,1102
,,3,1101
,,2,1100
,,1,1099
,,4,1098
,,3,1097
,,1,1096
,,2,1095
,,2,1094
,,1,1093
,,3,1090
,,4,1089
,,1,1088
,,5,1087
,,4,1086
,,2,1085
,,3,1084
,,2,1083
,,1,1082
,,4,1081
,,6,1080
,,2,1079
,,3,1078
,,5,1077
,,3,1076
,,1,1075
,,5,1074
,,4,1073
,,1,1072
,,1,1071
,,3,1070
,,5,1069
,,6,1068
,,6,1067
,,2,1066
,,2,1065
,,1,1064
,,4,1063
,,2,1062
,,3,1061
,,7,1060
,,2,1059
,,4,1058
,,4,1057
,,2,1056
,,2,1055
,,5,1054
,,3,1053
,,5,1052
,,3,1051
,,3,1050
,,3,1049
,,2,1048
,,5,1047
,,2,1046
,,4,1045
,,2,1044
,,5,1043
,,2,1042
,,4,1041
,,4,1040
,,4,1039
,,2,1038
,,2,1037
,,1,1036
,,2,1035
,,3,1034
,,1,1032
,,2,1031
,,3,1030
,,3,1029
,,1,1028
,,1,1027
,,2,1026
,,2,1025
,,4,1024
,,5,1023
,,1,1022
,,6,1021
,,5,1020
,,5,1019
,,3,1018
,,8,1017
,,8,1016
,,2,1015
,,5,1014
,,2,1013
,,1,1012
,,3,1011
,,3,1010
,,6,1009
,,5,1008
,,5,1007
,,4,1006
,,6,1005
,,4,1004
,,3,1003
,,6,1002
,,4,1001
,,4,999
,,3,998
,,4,997
,,2,996
,,1,995
,,6,994
,,5,993
,,7,992
,,3,991
,,8,990
,,2,989
,,2,988
,,3,987
,,4,986
,,2,985
,,1,984
,,4,983
,,4,982
,,5,981
,,3,980
,,4,979
,,3,978
,,2,977
,,7,976
,,4,975
,,5,974
,,9,973
,,12,972
,,2,971
,,5,970
,,4,969
,,5,968
,,6,967
,,5,966
,,3,965
,,3,964
,,4,963
,,6,962
,,5,961
,,6,960
,,4,959
,,3,958
,,4,957
,,7,956
,,7,955
,,1,954
,,4,953
,,3,952
,,2,951
,,4,950
,,4,949
,,2,948
,,4,947
,,7,946
,,8,945
,,7,944
,,5,943
,,6,942
,,2,941
,,8,940
,,8,939
,,4,938
,,3,937
,,7,936
,,6,935
,,8,934
,,7,933
,,2,932
,,3,931
,,5,930
,,8,929
,,4,928
,,1,927
,,3,926
,,10,925
,,4,924
,,1,923
,,6,922
,,1,921
,,4,920
,,3,919
,,7,918
,,7,917
,,6,916
,,2,915
,,6,914
,,7,913
,,2,912
,,2,911
,,7,910
,,4,909
,,5,908
,,6,907
,,6,906
,,3,905
,,4,904
,,8,903
,,6,902
,,3,901
,,5,900
,,3,899
,,10,898
,,5,897
,,5,896
,,2,895
,,4,894
,,4,893
,,8,892
,,1,891
,,4,890
,,4,889
,,2,888
,,3,887
,,11,886
,,8,885
,,1,884
,,5,883
,,6,882
,,5,881
,,8,880
,,6,879
,,2,878
,,2,877
,,4,876
,,6,875
,,2,874
,,4,873
,,8,872
,,4,871
,,2,870
,,2,869
,,5,868
,,4,867
,,3,866
,,8,865
,,4,864
,,7,863
,,9,862
,,10,861
,,9,860
,,3,859
,,8,858
,,5,857
,,3,856
,,6,855
,,2,854
,,6,853
,,8,852
,,4,851
,,6,850
,,8,849
,,5,848
,,7,847
,,8,846
,,3,845
,,3,844
,,9,843
,,7,842
,,6,841
,,5,840
,,5,839
,,6,838
,,5,837
,,5,836
,,11,835
,,2,834
,,8,833
,,4,832
,,5,831
,,8,830
,,5,829
,,4,828
,,6,827
,,4,826
,,6,825
,,7,824
,,8,823
,,9,822
,,5,821
,,13,820
,,1,819
,,14,818
,,6,817
,,4,816
,,15,815
,,6,814
,,5,813
,,8,812
,,3,811
,,2,810
,,3,809
,,7,808
,,4,807
,,6,806
,,3,805
,,5,804
,,12,803
,,7,802
,,5,801
,,8,800
,,4,799
,,7,798
,,6,797
,,8,796
,,6,795
,,6,794
,,4,793
,,6,792
,,9,791
,,7,790
,,5,789
,,9,788
,,7,787
,,6,786
,,11,785
,,5,784
,,7,783
,,10,782
,,4,781
,,10,780
,,5,779
,,10,778
,,4,777
,,8,776
,,6,775
,,10,774
,,3,773
,,12,772
,,3,771
,,4,770
,,6,769
,,7,768
,,7,767
,,6,766
,,5,765
,,8,764
,,12,763
,,6,762
,,10,761
,,8,760
,,9,759
,,4,758
,,6,757
,,8,756
,,11,755
,,9,754
,,11,753
,,9,752
,,5,751
,,12,750
,,4,749
,,7,748
,,5,747
,,12,746
,,7,745
,,10,744
,,6,743
,,7,742
,,8,741
,,9,740
,,14,739
,,5,738
,,7,737
,,11,736
,,9,735
,,9,734
,,6,733
,,8,732
,,12,731
,,4,730
,,7,729
,,8,728
,,10,727
,,11,726
,,3,725
,,11,724
,,8,723
,,7,722
,,7,721
,,7,720
,,12,719
,,13,718
,,11,717
,,7,716
,,12,715
,,10,714
,,11,713
,,7,712
,,4,711
,,12,710
,,4,709
,,20,708
,,13,707
,,8,706
,,11,705
,,16,704
,,10,703
,,9,702
,,9,701
,,6,700
,,11,699
,,9,698
,,7,697
,,11,696
,,11,695
,,11,694
,,5,693
,,6,692
,,5,691
,,12,690
,,8,689
,,8,688
,,15,687
,,9,686
,,8,685
,,10,684
,,9,683
,,9,682
,,11,681
,,9,680
,,15,679
,,7,678
,,12,677
,,6,676
,,9,675
,,12,674
,,7,673
,,7,672
,,13,671
,,10,670
,,11,669
,,12,668
,,8,667
,,11,666
,,10,665
,,17,664
,,11,663
,,14,662
,,15,661
,,12,660
,,10,659
,,8,658
,,17,657
,,10,656
,,13,655
,,10,654
,,11,653
,,14,652
,,10,651
,,7,650
,,19,649
,,10,648
,,10,647
,,12,646
,,14,645
,,13,644
,,13,643
,,16,642
,,16,641
,,14,640
,,13,639
,,12,638
,,16,637
,,14,636
,,16,635
,,18,634
,,9,633
,,11,632
,,14,631
,,10,630
,,13,629
,,14,628
,,17,627
,,16,626
,,14,625
,,11,624
,,12,623
,,12,622
,,12,621
,,14,620
,,14,619
,,20,618
,,18,617
,,14,616
,,17,615
,,15,614
,,20,613
,,7,612
,,13,611
,,9,610
,,10,609
,,18,608
,,21,607
,,13,606
,,19,605
,,13,604
,,12,603
,,17,602
,,15,601
,,14,600
,,11,599
,,18,598
,,16,597
,,15,596
,,23,595
,,14,594
,,12,593
,,12,592
,,15,591
,,14,590
,,13,589
,,16,588
,,16,587
,,19,586
,,12,585
,,12,584
,,18,583
,,17,582
,,16,581
,,10,580
,,11,579
,,13,578
,,18,577
,,18,576
,,21,575
,,14,574
,,20,573
,,11,572
,,22,571
,,19,570
,,17,569
,,18,568
,,12,567
,,17,566
,,17,565
,,23,564
,,16,563
,,23,562
,,23,561
,,13,560
,,13,559
,,16,558
,,13,557
,,16,556
,,15,555
,,12,554
,,16,553
,,13,552
,,17,551
,,17,550
,,20,549
,,13,548
,,15,547
,,15,546
,,14,545
,,16,544
,,15,543
,,27,542
,,20,541
,,17,540
,,17,539
,,17,538
,,17,537
,,20,536
,,30,535
,,15,534
,,23,533
,,16,532
,,20,531
,,27,530
,,13,529
,,26,528
,,27,527
,,23,526
,,24,525
,,22,524
,,23,523
,,17,522
,,24,521
,,20,520
,,22,519
,,20,518
,,26,517
,,20,516
,,13,515
,,20,514
,,23,513
,,22,512
,,29,511
,,26,510
,,31,509
,,26,508
,,21,507
,,30,506
,,28,505
,,20,504
,,26,503
,,28,502
,,22,501
,,24,500
,,21,499
,,23,498
,,22,497
,,22,496
,,20,495
,,18,494
,,26,493
,,30,492
,,25,491
,,18,490
,,27,489
,,19,488
,,23,487
,,28,486
,,17,485
,,25,484
,,21,483
,,25,482
,,28,481
,,25,480
,,24,479
,,26,478
,,22,477
,,26,476
,,35,475
,,23,474
,,27,473
,,28,472
,,26,471
,,14,470
,,33,469
,,21,468
,,19,467
,,24,466
,,25,465
,,22,464
,,29,463
,,26,462
,,22,461
,,28,460
,,26,459
,,24,458
,,29,457
,,17,456
,,31,455
,,32,454
,,22,453
,,22,452
,,38,451
,,28,450
,,37,449
,,43,448
,,30,447
,,42,446
,,26,445
,,29,444
,,33,443
,,36,442
,,32,441
,,34,440
,,32,439
,,33,438
,,31,437
,,30,436
,,41,435
,,35,434
,,29,433
,,26,432
,,30,431
,,33,430
,,31,429
,,22,428
,,34,427
,,32,426
,,33,425
,,23,424
,,34,423
,,27,422
,,35,421
,,38,420
,,27,419
,,28,418
,,41,417
,,29,416
,,36,415
,,35,414
,,40,413
,,25,412
,,34,411
,,43,410
,,38,409
,,31,408
,,40,407
,,27,406
,,39,405
,,39,404
,,42,403
,,36,402
,,38,401
,,33,400
,,41,399
,,36,398
,,40,397
,,40,396
,,34,395
,,49,394
,,42,393
,,43,392
,,41,391
,,40,390
,,38,389
,,35,388
,,50,387
,,43,386
,,44,385
,,35,384
,,47,383
,,31,382
,,44,381
,,54,380
,,40,379
,,47,378
,,36,377
,,55,376
,,38,375
,,46,374
,,55,373
,,50,372
,,59,371
,,49,370
,,43,369
,,52,368
,,44,367
,,47,366
,,46,365
,,54,364
,,51,363
,,52,362
,,53,361
,,63,360
,,36,359
,,54,358
,,46,357
,,28,356
,,48,355
,,42,354
,,59,353
,,52,352
,,62,351
,,40,350
,,41,349
,,63,348
,,47,347
,,54,346
,,46,345
,,57,344
,,52,343
,,55,342
,,54,341
,,57,340
,,62,339
,,65,338
,,54,337
,,54,336
,,55,335
,,67,334
,,58,333
,,65,332
,,59,331
,,58,330
,,61,329
,,68,328
,,57,327
,,56,326
,,59,325
,,60,324
,,63,323
,,60,322
,,61,321
,,73,320
,,59,319
,,58,318
,,52,317
,,47,316
,,59,315
,,68,314
,,61,313
,,58,312
,,81,311
,,66,310
,,73,309
,,70,308
,,85,307
,,65,306
,,60,305
,,83,304
,,64,303
,,68,302
,,60,301
,,78,300
,,71,299
,,81,298
,,78,297
,,84,296
,,72,295
,,98,294
,,74,293
,,81,292
,,62,291
,,71,290
,,88,289
,,59,288
,,73,287
,,81,286
,,87,285
,,75,284
,,89,283
,,80,282
,,62,281
,,97,280
,,93,279
,,76,278
,,80,277
,,77,276
,,73,275
,,86,274
,,105,273
,,79,272
,,82,271
,,83,270
,,90,269
,,100,268
,,76,267
,,88,266
,,84,265
,,89,264
,,106,263
,,86,262
,,90,261
,,100,260
,,84,259
,,99,258
,,96,257
,,77,256
,,96,255
,,104,254
,,83,253
,,107,252
,,119,251
,,121,250
,,95,249
,,105,248
,,105,247
,,109,246
,,99,245
,,106,244
,,73,243
,,81,242
,,98,241
,,100,240
,,113,239
,,119,238
,,125,237
,,97,236
,,113,235
,,144,234
,,121,233
,,93,232
,,123,231
,,131,230
,,125,229
,,128,228
,,126,227
,,113,226
,,120,225
,,126,224
,,139,223
,,134,222
,,130,221
,,122,220
,,151,219
,,139,218
,,130,217
,,135,216
,,144,215
,,127,214
,,132,213
,,153,212
,,130,211
,,136,210
,,144,209
,,157,208
,,122,207
,,159,206
,,137,205
,,154,204
,,152,203
,,148,202
,,137,201
,,155,200
,,172,199
,,155,198
,,177,197
,,146,196
,,160,195
,,160,194
,,169,193
,,197,192
,,159,191
,,189,190
,,176,189
,,178,188
,,193,187
,,169,186
,,183,185
,,196,184
,,184,183
,,210,182
,,199,181
,,197,180
,,223,179
,,210,178
,,183,177
,,205,176
,,207,175
,,184,174
,,213,173
,,209,172
,,219,171
,,198,170
,,231,169
,,223,168
,,205,167
,,222,166
,,243,165
,,235,164
,,221,163
,,210,162
,,246,161
,,248,160
,,250,159
,,254,158
,,257,157
,,253,156
,,274,155
,,283,154
,,269,153
,,260,152
,,301,151
,,257,150
,,244,149
,,295,148
,,258,147
,,267,146
,,283,145
,,313,144
,,286,143
,,301,142
,,268,141
,,294,140
,,320,139
,,309,138
,,346,137
,,293,136
,,339,135
,,352,134
,,343,133
,,328,132
,,346,131
,,357,130
,,372,129
,,360,128
,,342,127
,,369,126
,,378,125
,,357,124
,,375,123
,,398,122
,,384,121
,,417,120
,,379,119
,,389,118
,,411,117
,,452,116
,,440,115
,,456,114
,,464,113
,,467,112
,,444,111
,,472,110
,,463,109
,,517,108
,,524,107
,,518,106
,,544,105
,,497,104
,,515,103
,,504,102
,,586,101
,,540,100
,,557,99
,,590,98
,,625,97
,,612,96
,,600,95
,,639,94
,,633,93
,,592,92
,,715,91
,,663,90
,,703,89
,,660,88
,,692,87
,,690,86
,,748,85
,,742,84
,,752,83
,,763,82
,,805,81
,,794,80
,,859,79
,,833,78
,,917,77
,,874,76
,,827,75
,,941,74
,,1029,73
,,1000,72
,,1050,71
,,1064,70
,,1039,69
,,1108,68
,,1061,67
,,1143,66
,,1220,65
,,1260,64
,,1184,63
,,1214,62
,,1241,61
,,1257,60
,,1373,59
,,1485,58
,,1447,57
,,1482,56
,,1518,55
,,1564,54
,,1592,53
,,1673,52
,,1769,51
,,1809,50
,,1873,49
,,1918,48
,,1996,47
,,1982,46
,,2099,45
,,2085,44
,,2213,43
,,2396,42
,,2357,41
,,2574,40
,,2592,39
,,2787,38
,,2822,37
,,2967,36
,,3042,35
,,3218,34
,,3410,33
,,3500,32
,,3771,31
,,3947,30
,,3903,29
,,4193,28
,,4468,27
,,4703,26
,,5035,25
,,5314,24
,,5696,23
,,5948,22
,,6314,21
,,6793,20
,,7201,19
,,7799,18
,,8334,17
,,9156,16
,,9676,15
,,10685,14
,,11775,13
,,12903,12
,,14039,11
,,15705,10
,,17650,9
,,20160,8
,,22793,7
,,27056,6
,,31233,5
,,39924,4
,,48531,3
,,71911,2
,,104432,1
